{
  "format_version": "1.13.0",
  "minecraft:feature_rules": {
    "description": {
      "identifier": "minecraft:extreme_hills_after_surface_emerald_ore_feature",
      "places_feature": "minecraft:legacy:emerald_ore_feature"
    },
    "conditions": {
      "placement_pass": "after_surface_pass",
      "minecraft:biome_filter": [
        {
          "test": "has_biome_tag",
          "operator": "==",
          "value": "extreme_hills"
        }
      ]
    },
    "distribution": {
      "iterations": 0,
      "x": 0,
      "y": 0,
      "z": 0
    }
  }
}
