{
  "format_version": "1.13.0",
  "minecraft:feature_rules": {
    "description": {
      "identifier": "minecraft:overworld_surface_mangrove_grass_feature",
      "places_feature": "minecraft:grass_disc_feature"
    },
    "conditions": {
      "placement_pass": "surface_pass",
      "minecraft:biome_filter": [
        {
          "any_of": [
            {
              "test": "has_biome_tag",
              "operator": "==",
              "value": "mangrove_swamp"
            }
          ]
        }
      ]
    },
    "distribution": {
      "iterations": 1,
      "x": {
        "distribution": "uniform",
        "extent": [ 0, 16 ]
      },
      "y": "query.above_top_solid(variable.worldx, variable.worldz)",
      "z": {
        "distribution": "uniform",
        "extent": [ 0, 16 ]
      }
    }
  }
}
