{
  "format_version": "1.13.0",
  "minecraft:feature_rules": {
    "description": {
      "identifier": "minecraft:warm_ocean_after_surface_coral_hang_feature",
      "places_feature": "minecraft:coral_hang_feature"
    },
    "conditions": {
      "placement_pass": "after_surface_pass",
      "minecraft:biome_filter": [
        {
          "test": "has_biome_tag",
          "operator": "==",
          "value": "warm"
        },
        {
          "test": "has_biome_tag",
          "operator": "==",
          "value": "ocean"
        }
      ]
    },
    "distribution": {
      "iterations": 16,
      "x": {
        "distribution": "uniform",
        "extent": [ 0, 16 ]
      },
      "y": "query.above_top_solid(variable.worldx, variable.worldz)",
      "z": {
        "distribution": "uniform",
        "extent": [ 0, 16 ]
      }
    }
  }
}
