{
  "pools": [
    {
      "rolls": {
        "min": 1,
        "max": 1
      },
      "entries": [
        {
          "type": "item",
          "name": "minecraft:arms_up_pottery_shard",
          "weight": 3
        },
        {
            "type": "item",
            "name": "minecraft:brick",
            "weight": 1
        },
        {
            "type": "item",
            "name": "minecraft:emerald",
            "weight": 1
        },
        {
            "type": "item",
            "name": "minecraft:stick",
            "weight": 1
        },
        {
            "type": "item",
            "name": "minecraft:suspicious_stew",
            "weight": 1,
            "functions": [
              {
                "function": "random_aux_value",
                "values": {
                  "min": 0,
                  "max": 6
                }
              }
            ]
        }
      ]
    }
  ]
}