{
  "format_version": "1.10",
  "minecraft:item": {
    "description": {
      "identifier": "minecraft:camera"
    },
    
    "components": {
      "minecraft:use_duration": 100000,
      "minecraft:block": "minecraft:camera",
      "minecraft:camera": {
        "black_bars_duration": 0.2,
        "black_bars_screen_ratio": 0.08,
        "shutter_duration": 0.2,
        "shutter_screen_ratio": 0.5,
        "picture_duration": 1.0,
        "slide_away_duration": 0.2
      }
    }
  }
}