{
  "format_version": "1.12",
  "minecraft:recipe_shaped": {
    "description": {
    "identifier": "minecraft:mangrove_hanging_sign"
    },
    "tags": [ "crafting_table" ],
    "group": "sign",
    "pattern": [
      "| |",
      "###",
      "###"
    ],
    "key": {
      "#": {
        "item": "minecraft:stripped_mangrove_log"
      },
      "|": {
        "item": "minecraft:chain"
      }
    },
    "result": {
      "item": "minecraft:mangrove_hanging_sign",
      "count": 6
    }
  }
}
